{"reward": 987.3752957992256, "avg_distance": 0.0, "_timestamp": 1691177397.506001, "_runtime": 2317.269114971161, "_step": 153}