{"reward": 987.7925295330584, "avg_distance": 0.0, "_timestamp": 1691177406.3968437, "_runtime": 6511.786601781845, "_step": 312}