{"reward": -24.59637725353241, "update": 131, "avg_distance": 1.030348402261734, "_timestamp": 1691169819.783517, "_runtime": 2583.814232826233, "_step": 130, "_wandb": {"runtime": 2585}}