{"reward": 174.59202399998904, "avg_distance": 0.0689706027507782, "_timestamp": 1691177409.092196, "_runtime": 966.678081035614